"Product_calories","Average_age","Number_of_transitions"
0.515032111325895,43.9101241205279,67965
0.444650353032971,33.0173214308006,437354
0.427017670112263,37.1955815806148,5029637
0.511320864412224,38.8807485549617,230372
0.424115078858611,35.7664163388328,2329739
0.580239663954258,39.8534289568586,377904
0.487378409231304,35.9342757665212,658623
0.509514368823154,36.8964348674518,548281
0.494817537522831,36.1434596339036,1294364
0.438143144916492,36.1907506888258,4455196
0.442704117669104,34.8586409368124,1735978
0.434248049279527,32.973528251007,1889044
0.462625214489702,35.6878139013864,1690186
0.441977873089644,34.9827773236552,2383206
0.423227895912409,38.0376066576336,2564228
0.589577433951383,40.0511879695595,212709
0.485312936492346,36.3723586078982,1071641
0.534402628345916,35.7413967840537,206574
0.485245436450285,34.4841741135017,1121165
0.452547949555503,38.8884727191307,1129929
0.624069489856311,37.0724612348587,60286
0.434856175071639,34.3201199734724,2901056
0.438453164526387,34.8853114753756,2551221
0.523696321340518,36.5931638868283,522740
0.42215240563279,32.0382716635118,2721614
0.46125914263147,35.7367518330239,1220376
0.555652575127749,38.7264016813615,210247
0.447410567866679,34.2006555695937,3453326
0.631824523586885,38.4491619555145,99215
0.460496157997294,31.5147263020774,2414008
0.440147647118636,34.9906233029348,4099623
0.495589328155052,34.8119958556175,931353
0.454880535545989,37.1579520009867,1173131
0.514861602682866,43.9101241205279,68016
0.468288901527788,35.5672855406871,7108
0.537601407928596,35.7004664174851,12582
0.522789926511782,38.4931150541707,6078
0.498021622627588,34.1563345236871,10270
0.482888042861015,33.7519660584416,8830
0.473074641461273,34.4513108620689,15868
0.463343587620292,31.6862147773781,27949
0.47594487699538,33.4742052550445,9975
0.483971436201059,36.3123798258098,7434
0.457759300474304,34.1664210728108,50177
0.445000827371347,33.2346368714172,23974
0.440745102550636,34.3049490550665,11840
0.447733547760978,33.3171891053494,6991
0.403856011469845,27.5881823269724,20196
0.423181656029049,33.0561608435202,38833
0.435501026161378,32.1340541665673,31170
0.464613929392361,32.8657703331871,18543
0.400568765835124,31.2279480416784,53634
0.462222139344143,32.934660715147,11472
0.410629491621876,27.318187061302,22896
0.409942922987224,28.3256886746448,23846
0.488294113022838,41.1117727890325,91703
0.490823486367291,39.6439429925653,78779
0.500836402056221,39.7037939988405,62152
0.473955161476283,37.9355575401837,68823
0.481909885515858,39.2423265796255,62966
0.500678755099446,36.6279225843629,88006
0.463553819968595,42.3147453079732,48467
0.435674560865058,41.8856195584155,80218
0.496512466408695,40.5534950063494,75507
0.467022529129986,38.6724890832919,122123
0.446220185672595,39.1702271200472,160367
0.438491183725625,39.1630701026759,85717
0.464335802363307,36.5188080974963,55361
0.485832568514101,37.7290980247838,60937
0.441692881137805,37.5263204149266,291791
0.450122661216108,37.9466288129922,30846
0.411526482548319,37.8592652614627,81222
0.411251027231879,36.9181655611392,37476
0.430986909638956,38.0726819187769,149114
0.434092867450363,38.0389312991527,172112
0.455562208407351,34.6234803730578,43762
0.440463980264948,35.4857195176629,394064
0.460363904419111,37.0498501802179,241952
0.417312094277908,34.5533770878765,94795
0.417872489211829,37.8823241692008,170220
0.415498171167094,31.8894161782474,46782
0.433700173381542,36.8443203004358,250924
0.416383542835013,39.8561403516053,219135
0.451410418521945,36.7609779474353,139142
0.445591410102754,32.3160524668371,71533
0.39672125244451,36.2338969382407,104642
0.400560205124658,35.8447665892355,218825
0.426192064282919,39.5258882142223,104798
0.327032407086975,32.8716311169958,153452
0.362798840406878,38.0511485152981,119714
0.446071664789988,35.7929612060681,50970
0.296502505961785,33.4089912286285,226205
0.406570414421006,38.0427631588992,77110
0.428017075882694,34.101110109658,151178
0.419702051577287,36.230614167081,178233
0.427107838699194,36.0594750419071,68514
0.41292731252356,31.416277984747,19107
0.436950418364573,34.3246232150842,13853
0.455368123105024,34.1463687139015,12959
0.516588404449648,32.9865567526113,5189
0.439907780222166,38.9096150863893,5648
0.543380403882019,41.4757892096504,9507
0.657218884141795,37.6859699912687,4860
0.489517857782105,32.5562521486173,10541
0.516489138059959,40.4929372107765,12196
0.610377835199268,37.607186957308,4165
0.561309139196241,43.3309082093501,5375
0.505567232759689,39.0824842316012,8524
0.676871284598818,40.3187778479694,5660
0.596171613658499,40.8657935833149,6169
0.517380786372097,39.6964703487224,13960
0.593081135787138,41.7724243994105,3703
0.469354938197493,39.4870988725282,14278
0.420824022405711,37.041441441627,5190
0.550971472829389,40.9941860453534,8145
0.568542495183534,38.7764197510951,7994
0.586525626487582,40.8874645784159,6208
0.629677245607777,42.9819072760322,5201
0.652828715857681,41.5405405397608,3940
0.623061402217496,41.6992137967385,6343
0.623603746690414,41.1685139355407,6781
0.590814100486424,42.7342457346441,7280
0.527861375166786,38.107515658898,4417
0.42850931286337,37.2512234909244,50278
0.43916230189908,36.598892861896,23007
0.460212791805562,37.9848018266147,25427
0.413455641425591,41.1909888347342,31718
0.456999256876003,37.4819384249683,25779
0.473760945473406,36.8278678691712,39129
0.447000099233951,35.1069542740198,54660
0.40698382687815,37.9940562968734,75163
0.447100391259424,35.7987513011374,27443
0.431673091905501,33.9024607900077,75292
0.430106820204312,36.1421662364897,104306
0.436694230468665,38.5609619679195,54125
0.412173109976588,35.21918645979,83375
0.439911625925496,34.4518361323888,116504
0.453428667694106,35.1653633245444,58788
0.401597803964314,35.9371592948849,42270
0.413616860529781,35.0321009922885,135815
0.480260459928425,36.3025319433944,44956
0.377741459683646,35.9144908628916,80652
0.386597495382963,36.7978174601389,125386
0.398492842093611,33.192516722106,290576
0.431429013570789,34.7023461993686,22751
0.473548757042918,36.7866807828403,36326
0.441126648583888,33.0293632444694,36229
0.41451305545412,34.1580051643415,115362
0.393778675324641,35.1778012058133,67076
0.414363506378199,32.906336435953,96044
0.486820371125821,35.665882856941,38797
0.422353241103717,35.2391496031782,37222
0.449262065792565,37.8922440811565,35118
0.434091461912543,33.837201762264,145744
0.49887901813615,35.8109816308621,50277
0.470736311117051,36.9928703701861,56499
0.462500183291364,34.1351496440988,27233
0.464332655148783,36.4810112851259,14213
0.541566800142095,38.9837983806661,6478
0.558487141634827,37.3949658906069,21191
0.549724223251877,34.416975276627,48699
0.54466654314126,39.0215020247325,13105
0.591016248742428,42.6201735145467,7182
0.513619528187965,37.2965318951438,9375
0.532614286236393,34.865681729046,44330
0.525839968014266,41.5731259835978,4772
0.562162197984389,41.5540023892569,6609
0.681612300903131,44.6661830478552,6659
0.639692408172916,37.2588825768036,17247
0.613708532955557,34.8297114356668,5951
0.666142983077471,36.9633635257496,28145
0.63478766692555,39.6012406363144,6884
0.583858339314451,38.0365370202475,6169
0.642678517313302,34.5225690543488,9288
0.627989551488958,38.8487994794614,7232
0.531526621952874,41.9405650012584,6861
0.699526501950627,42.3628172409161,3437
0.611769719953872,38.487549310572,5387
0.641785905994019,39.6564367811138,7317
0.734529654194927,42.7060740374374,3824
0.600704354653677,36.7173481511856,4350
0.597911392223316,40.7621744052598,6305
0.602013332980713,41.1767942581364,5963
0.620465503876163,44.9258134486464,4476
0.580163592578778,43.1567628733552,7578
0.619916787053396,43.5641374201965,5960
0.658736242012627,40.7382394615414,5053
0.60046974818472,43.7686471023393,2947
0.636876425001287,41.7966271085147,3880
0.638419241950785,40.9428209845904,6030
0.748164134890909,43.4372405884657,2439
0.680231880191933,42.8018734751482,3331
0.861369251658603,39.3903857060167,2479
0.50770251517029,40.0434079869257,43717
0.534833423444821,40.4713565531141,46546
0.48844047160829,37.5251893302898,11387
0.481002350497107,37.0091860474733,47034
0.470140159087883,36.588011315,69057
0.479608357828969,37.7560477014117,14754
0.494937454488123,34.5644314365774,18708
0.473796256736408,36.6370110781924,14939
0.534804328793635,35.6913410770401,14247
0.519832633870307,35.3940733292838,42326
0.524163689580505,38.0729584063908,10953
0.49552414387309,35.9469893978596,10313
0.458186173514869,35.3132260023039,34284
0.491211550080209,36.5706498979888,27871
0.522401653983588,33.5104819546985,18719
0.497359425233707,35.3970641776489,18474
0.480665446026646,37.1047106677575,21189
0.477906226043604,39.0270561486616,7607
0.505916108086933,33.0574303102536,8636
0.468552404616392,36.8155339801773,34320
0.529570160482498,36.0092866755882,4997
0.492509820113564,32.4755020086616,16979
0.507020840877241,32.1688497270803,11059
0.431825412923569,32.0724593167992,38801
0.457708251216512,35.2246601163817,18698
0.530899857295246,32.2032254174524,11786
0.472789848853428,36.5284916230888,17656
0.478029783553441,37.8370461544677,23566
0.50791142018101,36.4357631451005,24374
0.470690638203388,39.0028139658708,65773
0.442699904899793,37.6014568166857,34579
0.445392413511943,35.9688990242723,37252
0.470780748264416,33.8714351442134,23609
0.487515067445449,35.4439115696081,16572
0.557246522193656,36.5819221714478,21787
0.529674112869823,32.9245553987573,36228
0.486191061107603,37.1026540370303,17929
0.490979806124987,35.05376746499,11983
0.507190826697261,35.7315914484302,16378
0.478376028773423,34.3597208386351,14047
0.540197227585995,34.5134431937739,32312
0.474357924123053,31.8472809256222,12937
0.443556539679063,33.244825614319,7890
0.561719436214414,35.1450211343518,9551
0.69091190090206,42.5642725585451,6278
0.459658647544899,32.199073053838,6551
0.446458739596469,31.8372985400576,9110
0.723002710440171,40.4140686204888,6088
0.539626195211674,36.2227386812327,8361
0.495502154972804,40.1359699785681,3416
0.637423001292971,32.4021024972431,7427
0.494538218728145,36.2185059685575,4987
0.693622882545555,45.4645399423227,4373
0.528348401608544,34.5393516373744,10894
0.544607143183037,34.9540305204681,6092
0.59393898054721,37.0013447421174,5637
0.561841443238202,30.6888758101424,3524
0.584803404269235,35.9499190232005,7326
0.621960370860524,36.9012054502804,2917
0.587044450118888,43.5473642998017,2925
0.629239345869392,39.4061506740374,4090
0.78457717651949,44.0269483799292,2720
0.403582899810375,35.8092729216935,2410
0.574317103778379,39.9489361719083,6356
0.607905584667942,42.7181059229755,4399
0.657528903859238,42.3062736479209,1623
0.592205548931803,38.0344881907228,3957
0.544847880312859,38.9865449867591,4828
0.61398080608716,40.6439893401571,3593
0.517705701118335,39.480168344252,3177
0.72330756363279,43.530397507463,2934
0.43147813331066,34.9540774294965,24574
0.463912351726815,37.8489795923398,29849
0.487278311962435,34.6254894306431,27435
0.445178983663226,36.3938721126613,14587
0.495518356617271,35.7831033992206,15138
0.491671336719545,36.8814379512121,17066
0.506767833265165,36.749832146314,20954
0.478970556648499,33.2124913561892,14916
0.558873350669864,34.1283967384103,11096
0.5692934023943,34.7672925855643,18939
0.477955380145234,36.2252703790029,40636
0.512633802109595,36.6926140026474,15129
0.541324135913197,39.7218907024686,29142
0.507577825608127,37.2366382648089,14083
0.517574829327503,33.1863690643602,54514
0.515777277621456,36.370797310698,29643
0.502790957281676,37.0373530089336,8369
0.527638864633806,37.9018696651454,39029
0.500552527388344,37.5637636985508,58013
0.485336052022233,37.5030564522596,175074
0.543185575376739,35.5679467200595,23615
0.513913659067524,37.0887344448408,17523
0.469552761963127,36.7798292430352,7793
0.440804275600827,34.2366014184853,157472
0.505617109299207,35.6138699563226,14196
0.450159370120189,36.0948240500738,8728
0.508729752798659,38.2110589100325,60011
0.526255206290044,35.6510871574772,31373
0.502905084054181,35.3001806772993,15492
0.524196575403302,35.5624229127902,19469
0.488525454444511,38.4436525617305,78055
0.534362209230089,36.9719094191771,68136
0.504767124049789,34.1763367469384,18539
0.463964907332005,37.6750728874956,29144
0.542396830121441,39.4142111748373,32709
0.492011747141498,33.4227405243476,7823
0.529810866990249,37.6037910924669,4444
0.533017763052644,35.9242608955669,30593
0.451091677348828,35.9817838332789,128431
0.444014067027679,33.7620510667507,152578
0.437325014086511,31.4503125501755,246084
0.456864971899276,38.847520611879,169049
0.440112988422173,35.3241256388282,159038
0.43103403848365,32.1310395294426,167078
0.42151044225902,34.4301987666454,199136
0.450002220114046,37.8656400609721,179077
0.460319031358881,40.7379173679128,252756
0.480491842806749,42.3224293563853,153702
0.482340165254988,42.0886297388499,110389
0.407590210550642,34.2177142324752,324945
0.475820414913895,42.3027133538123,73304
0.39856751658801,31.4707869911868,167368
0.457033231612557,37.2679885511427,176786
0.432163217545326,35.965184736017,183908
0.469129003317892,42.0091715074029,48119
0.415418472414974,35.1212802410319,175443
0.508434046516589,38.2131202506001,38411
0.492196224009902,37.7642721910511,53546
0.455230610135731,40.9503201796085,96225
0.517830257376616,40.4089133104054,37416
0.436784412081374,33.7268825998774,122436
0.413046677960099,34.1222687665289,83657
0.423051571131494,32.3985168891376,127371
0.453720301375617,38.0377272206208,42092
0.408070272531153,33.1434214848864,74548
0.445156234622358,41.3005708606677,51522
0.453118257602052,37.8636264450884,25815
0.414783411469963,32.4592722748418,77839
0.408284380532621,35.9395385846579,86146
0.421205052620325,36.7924643358907,99302
0.424939476747592,31.8849451316084,156987
0.446580894730657,36.1529952187044,65979
0.453167711272495,37.3852344297621,71802
0.462405546827962,33.0418142202029,13924
0.448899639071965,29.888535239811,87715
0.423043003410073,33.5192047472957,25488
0.478474262065373,31.5119278902588,152680
0.420233358121935,32.1989637300887,78734
0.4046694427581,34.532826860318,74110
0.417159466364624,32.624793389633,104536
0.426202741452967,33.9365447597953,20702
0.440718277038104,33.2450271244046,87877
0.406405354056001,31.8879920209097,178989
0.41879749873191,34.7887843346045,34796
0.432041696574674,34.7487375463546,22535
0.439064878702563,30.0829373640014,93899
0.478194191166937,38.9570751933141,17760
0.438557177585916,38.0154306397622,49319
0.423992547528371,35.4736034770382,49083
0.46150412320395,37.7259307628687,74318
0.479978725035391,39.420049971471,18043
0.455472176136361,37.8322740656673,34158
0.489125606799583,40.1461288410698,28963
0.471427773286064,37.4825149240368,43686
0.491046240487204,41.1937589562633,23376
0.45900357877332,41.9248096437437,13095
0.474201363477395,35.4872611496068,36645
0.516861224304365,34.0019871609814,7643
0.483711259841265,39.1319826351548,11134
0.536455710310196,40.0083156942803,9761
0.39450946037343,27.7474684202652,20146
0.426468376748107,33.9727191432036,23034
0.402327470696402,29.7226715964941,13557
0.370960240097591,28.8572085007042,15473
0.459708407781587,32.1150416193133,21798
0.477961805876199,33.525528455432,24412
0.445218298814269,34.2226008710278,15249
0.509558019930508,35.0070456773737,17808
0.43305862378122,33.734171188926,67040
0.449310891374536,35.0520742345328,78526
0.51593986028109,34.4395827669453,33768
0.384128590076477,32.8697136069624,79700
0.474240612523059,34.8062916736887,42913
0.416660184073936,33.8586860005164,68993
0.423973806882227,33.5838891733094,109240
0.422918765533766,33.5225501750401,122062
0.426119164158903,33.5346451135081,99843
0.413700707799169,32.364635193303,253271
0.440319649699055,35.8331317995304,65430
0.452663610392154,34.5568560740293,68867
0.447854785234173,34.609155316642,191082
0.439589489849115,32.7719234260766,96391
0.420879921522048,34.0260630986439,90493
0.460534160742017,33.0474334966167,88666
0.460912602492705,33.4524077419419,38438
0.49850339066464,31.4575292305296,66681
0.465426625013768,34.4601714401181,60488
0.426604699139506,32.7538785955099,64038
0.438558583608342,35.4941546767656,62159
0.453685607371156,35.332320163494,51290
0.481784444924184,35.2615653163573,61312
0.455841787907041,35.6614602692934,70917
0.449960122513342,36.3462608167089,87076
0.455226927268214,37.2272905026626,67899
0.459994595073775,35.8825249389285,72684
0.447910230258485,35.4661926299974,222035
0.472793265674198,36.5319038578299,54576
0.44991927469234,37.6411898816024,184734
0.456581296821532,37.2412088674707,84726
0.473517052234613,35.0708818639251,74809
0.457696719222229,35.2560900207852,77720
0.446298229802662,35.4549934316376,61962
0.479704917192751,36.1725599428675,26981
0.464567275509969,36.6265030957792,86442
0.507482870250056,34.8605822195736,46198
0.543223401717217,36.5504159327124,17218
0.551869075962413,33.9885279285805,36711
0.508620718462297,35.2484787001454,39553
0.516826651241697,34.6583613397601,53447
0.515087446713789,38.1246679936521,16886
0.569486063663159,35.2040726627923,8325
0.461124848779811,35.4286574338134,74792
0.393691549904568,32.8621051225704,83114
0.453992676550099,35.4573822226178,122772
0.454053995066448,34.0720836896102,44081
0.425847732349996,33.8448481234098,52486
0.4598630494754,35.0541303211762,39341
0.433328996617004,34.2445420332208,38465
0.44943240969718,36.5896510253009,102991
0.469632855629285,34.2499325207679,30090
0.424234482692488,34.0947476807029,66154
0.415047242169968,32.900746180135,63916
0.408329991895465,34.9655660381494,42711
0.451004172589226,37.3765976859784,92697
0.437002190010406,31.8248919107628,128498
0.533799600927517,34.359364745964,17395
0.442284601735572,36.7639183456283,141793
0.44041049564383,34.7824973030906,88233
0.450579590226864,35.707810322198,31796
0.473535334637417,36.0056511703083,72736
0.464341752742025,38.7721303892399,51849
0.490413013966845,39.0266851504748,54790
0.49104939454702,34.2288192858438,30161
0.43916974060579,34.9489142713568,136073
0.424264277196002,33.9781659392656,179708
0.420615287693076,34.38872473885,72219
0.501312707681865,34.7440021825695,21922
0.466697423697567,35.8324522157734,37592
0.368075204242319,28.0146623795074,59559
0.442038272061967,40.1379364806984,61884
0.499985901126232,34.8081453084064,14693
0.408180391292581,33.6244939253644,53621
0.475447920989872,38.6442430238012,41634
0.470616833825298,36.7069860269661,53557
0.504029699091197,36.7744215914974,34416
0.455545514893413,36.202997062617,94938
0.482609683448524,45.2808467974433,23657
0.475991319693385,39.4538569730769,51485
0.413986771592136,39.7810547366708,37254
0.436255540314259,44.9612159308176,53134
0.407507264731195,39.6106164355023,73673
0.416046296753195,40.4234972666344,73201
0.404458137167789,36.3927172175351,31044
0.443068013530882,38.3802641152927,123861
0.422670217706948,41.2727664451422,193586
0.413937517163745,35.0345278314345,44361
0.398245392567755,35.1822527041438,107118
0.424805669818813,37.1478073159293,52124
0.407468783649894,34.9082568811936,164769
0.424439779506082,39.4819346466547,98446
0.447608610666719,41.9268222388159,80543
0.425783363020806,37.6989722754434,26933
0.449441742012171,40.6208840117487,71732
0.402950681425016,34.5179372233255,246503
0.412199252391129,36.4313725503465,123385
0.439184826907663,40.0287054155976,84626
0.405794668022711,35.958977338968,151940
0.429628709787079,37.2906159564558,84087
0.431940424320781,39.8302617292737,67593
0.427352784581588,35.553489963198,70262
0.433971811565824,34.2221391173972,64466
0.470891131745903,34.3954000827338,40281
0.439064162588821,37.1484844045658,27715
0.44444803066929,36.2136108112092,58645
0.62125421332203,38.0144805285014,4856
0.556670529583697,35.6441227535993,8396
0.575386244717787,38.0766806725945,8304
0.660207943818112,34.0444742631084,6289
0.498519893742051,40.0357803803381,10028
0.510087395690738,37.3847698256475,5971
0.60181518772359,41.8094846814661,9027
0.636610905717443,44.9328189433604,5426
0.614857304927248,40.3544718993155,8340
0.579283045356153,39.6986637842877,8611
0.579928735213832,38.3413261285512,7571
0.660498615645042,42.1645426514409,8080
0.564870285061393,36.4504792330096,6655
0.667344755626635,41.2591105938037,7842
0.522575478835857,45.208144036495,3729
0.621457716393236,36.6382645637717,7275
0.549991814707389,35.8197371887477,9925
0.650798119427448,44.3208917816959,6277
0.757705802380094,44.4945275151811,3453
0.718869178011807,43.1071746027454,4720
0.584626247570539,40.871457370868,7383
0.585150859150353,40.7136150245082,5929
0.71404968180507,43.5038441130395,6446
0.768885207170359,45.1387886607552,3893
0.650599716377962,42.8668287408752,8228
0.528285693083514,39.5148986901978,7194
0.555609871730533,40.9360428867585,7987
0.501026958974444,37.935240962841,10038
0.564971508979525,43.3086419782469,7125
0.507909562310674,36.2169840305636,7711
0.415557211805112,44.4489879086714,83058
0.443247251486801,39.9769012426799,189714
0.544185361709556,40.5752695317663,9157
0.475168603939722,39.7713760689536,234098
0.492089173266982,41.9007267906112,43564
0.485863359833769,42.4260835928238,115892
0.505798597933901,42.4749542954333,89866
0.512609375363287,40.2735770929961,72695
0.543025019919399,38.0685811207949,31648
0.541655548064949,37.532372530119,40564
0.541777581290283,42.4880761008414,12405
0.51569144637649,42.7248610426655,7932
0.535632452735393,35.9986468192939,7196
0.541633302915803,31.5998050835554,7969
0.598825643284193,30.9834121254914,6264
0.556742434923611,37.886526434116,6165
0.516051086638843,36.9071269944761,6505
0.524620966736235,35.5810650895704,5174
0.545593074831861,31.590872696274,6280
0.571449208116983,34.5799314744953,5556
0.559232473813069,34.3493192809556,5481
0.542265130161138,33.2254239138003,6174
0.52926324880273,32.9886293792563,4715
0.582929138561632,35.5630584795317,3808
0.585163582937607,34.325591588108,3163
0.578238567948992,33.328518745726,5149
0.561562807670821,32.3183336111914,5093
0.563894294341189,35.0525005415815,4662
0.568429620907711,33.0658904249535,4637
0.462017879072932,36.1055570320207,3805
0.524257633364079,33.6427551016878,3357
0.512131206860489,38.0889996428432,18232
0.503747761645592,35.7134442123363,24154
0.540123371737706,34.903758872196,4204
0.598884503975904,33.2561914077515,3096
0.561769760228435,36.8420179523683,19340
0.512990215018114,39.243851557948,15450
0.500661719877554,38.0809909506182,9467
0.581154718532771,36.211472602045,8652
0.504991969226671,36.8670933328694,4405
0.502693493181214,36.2060580650016,5302
0.505818216283144,36.8368250533704,6924
0.480785664112827,34.6877553134178,3827
0.557757599340174,34.7391899292538,8554
0.571857617957289,35.6211680251872,6239
0.486476596916917,35.6677663086645,3148
0.5470180200582,34.3628067696881,4735
0.550576538425713,32.7004775992601,5644
0.477056351193147,38.0438732821482,4903
0.566629978582013,35.8126602947167,7314
0.559968213400482,34.4539144663325,3798
0.625863606512263,36.7679903243005,4776
0.577996058985279,35.4686140470075,3200
0.529991659813829,37.3017377596849,4208
0.578995528574723,32.4801598367819,4336
0.462763104427305,34.0731353293993,2956
0.656373384128021,33.4622747743671,2676
0.765507136480263,36.9280502040514,2226
0.445437434025498,34.4504759984728,85560
0.46511795676827,35.2691832947922,41797
0.456695325119487,35.0270372098879,107569
0.48714693845117,36.7101824593702,24418
0.483115300178037,32.680920052446,37743
0.498668429747445,33.6078952769309,39101
0.523681670691145,33.9456200788312,18965
0.533627429878591,35.8426150102494,10355
0.505716186300065,35.3370748698653,37498
0.522163993990363,34.9985502398427,16391
0.526161042432415,32.839162007294,70843
0.493533170153136,33.5074931899421,34199
0.465551776482519,35.2942528704368,88086
0.528206958991756,34.7774126620287,52374
0.509812951919374,32.6526173829908,38148
0.489229856384749,36.0330396481048,74845
0.509890439879674,35.8427129934953,21954
0.469473401021325,35.7190230782893,82069
0.470571191831358,33.2686600468057,38421
0.499464801738987,36.0965699208855,56113
0.463248096134397,35.0044257575592,65073
0.521434469582428,33.1141094266548,38347
0.524156091600394,32.9607193985361,41296
0.446839037198413,37.9312481984852,38671
0.462640631598403,37.7006964498471,31855
0.472526466316928,38.0510870878068,62066
0.436139173811639,38.8657504002184,115936
0.427175649009482,39.1349240161142,71645
0.449720715397327,39.3862684877184,65276
0.474540671360501,39.5031600131011,53484
0.456103085502121,38.8552248246029,67056
0.447481323114014,39.0316775563614,84022
0.448727291421755,37.7260146373387,31821
0.466364384899503,39.1966504596272,74856
0.437435762831995,40.6067901239469,9943
0.478879571405097,35.6367006485334,21814
0.46165568145032,41.1464742715233,20201
0.441666692463028,38.6266132642516,180263
0.512827962618269,37.2843958538236,16331
0.453627636371654,37.2366856574164,63482
0.474709248665498,44.5782719200216,17887
0.491290382519932,40.7139504564954,18504
0.493878804613446,36.6103989445465,36453
0.437211240436483,39.0310482223602,48775
0.637735312362813,38.3100593188594,2587
0.692395130747609,38.9525181659609,3005
0.569167679233558,34.6419916282177,3039
0.545140029126327,33.7655032482865,2628
0.627410279827734,33.4790379283801,3200
0.74449743892042,35.6418943105941,2457
0.607672993780094,37.3177715879844,4528
0.639691464348783,39.7205432534736,4566
0.581512180090007,36.0243149368429,3120
0.611407632136147,33.5977531004481,2270
0.783005707385219,33.1969107429548,1657
0.539008494925448,40.7049499823425,4771
0.628287489786149,37.3647814250074,2696
0.61831168274909,41.526378580346,2603
0.566989827304812,41.5960476261605,4760
0.65649798923931,37.4393209730195,2486
0.659163244427898,36.8134311535,3349
0.640171743719319,39.2535067566361,2397
0.799487193334833,38.7041314262345,1848
0.782695930717765,37.7164634124266,2319
0.424466683115159,37.0671796046658,209007
0.435783612587745,34.8612099622222,291424
0.451714582145367,35.5458032684327,107927
0.424563121960867,34.3064587990468,94056
0.419600444241639,35.4337481671303,47543
0.422302086027457,34.2242099007895,85719
0.40671112115539,33.1975998094772,39689
0.389988785909741,33.3116594550333,83179
0.404868761244574,33.2406015033032,41685
0.397434949296323,34.0119704391652,102572
0.405447470657906,33.6345205475605,22892
0.481046967405495,34.5642033202218,19981
0.438150616466268,34.9027850203776,43581
0.426835566215956,32.9190247168661,91335
0.40820343205318,33.4520035220079,112210
0.413405750138637,34.7115672756668,28066
0.4203410275083,34.0067611066838,78735
0.474416971204981,33.7691533525462,78137
0.436630998716182,34.4710852614474,73561
0.421220007285919,33.4954348426939,88756
0.40528930262944,33.3021435466028,85117
0.453340812259575,34.0592852729529,71542
0.415482696262601,32.9503230121241,94303
0.457509634978941,35.0569163523305,64585
0.4439439728281,34.3028996440875,56856
0.450640007278019,34.2185525870919,57643
0.469785502607431,33.6649301923693,61259
0.491678416614347,35.2372931420469,66530
0.4594583028405,36.1814304487358,81468
0.440602411442116,33.2999276417873,76909
0.458637264850843,33.3721296688053,212116
0.462184043018278,34.6041666650668,32604
0.449166092466486,35.9988142693134,68602
0.452586660280231,35.9310301810501,48074
0.437348336340546,31.1285164944151,286952
0.409840147922892,31.723950498928,147499
0.43318743570238,31.9760803360183,64456
0.4660892381632,32.4458476431845,72881
0.436673164143983,34.6996232437322,27511
0.446003230308735,35.0949987432596,168468
0.460087081461803,33.7450541676189,95331
0.466565978658702,37.9046281224619,34864
0.431201443598142,32.983680870213,31786
0.443560480282699,35.7587731042017,88293
0.439959561630543,33.3561702129106,152498
0.455250493346379,35.8061119388074,34755
0.424685388784922,35.5402927876563,67271
0.427210249796626,35.3373459043394,48577
0.464921802775663,37.1786442078237,19682
0.454893517539916,34.6489668120225,87947
0.427678156568985,34.8814020254827,106033
0.431495988672987,35.4795053811713,47686
0.428769349776875,34.6134595892673,148650
0.494032133938576,35.2147297960736,21137
0.420201520992906,36.4695064056205,98171
0.468906437985422,37.6929079634462,48250
0.462809416354657,35.5995339154275,42801
0.412016992323842,37.2105263134975,80739
0.414425416332305,34.7802609855032,48260
0.44134191847834,35.3970838392625,32466
0.489783707878719,34.7680588399159,34905
0.444128671485288,36.2718593534277,78488
0.414699745067819,35.2378445000695,69934
0.44345717726169,36.1569804169583,32059
0.527906990554101,36.0798668871857,40225
0.425603452291629,33.1589583605873,28664
0.504923067256242,36.3898626233479,27564
0.559490929430962,34.1277064206618,15990
0.548470378117911,44.0994173341242,15511
0.524505326023813,35.5148276775354,34543
0.558984599617331,39.8407751736938,26188
0.52214496623828,34.9214095023203,35222
0.565710977604241,34.7843612355738,37544
0.498784243294502,37.0347713357214,16873
0.502116992368196,34.025261639443,20537
0.539038795112383,34.4830648980767,45156
0.584390441043496,39.5136916823808,10579
0.535612807107172,35.7151316601474,38789
0.528573052742252,34.4184636881956,19547
0.518121991150423,35.095837707435,12360
0.449222761534962,34.0346734228303,20827
0.550107207999076,39.6090885947403,19373
0.589958001238512,37.4305435711882,17186
0.463484097573116,36.7914762325766,40575
0.459603182897019,32.9864607557542,10421
0.426029560977715,35.4166339211696,21866
0.569200272932897,37.8718848745373,12407
0.595519321141749,40.8239463852983,11610
0.516764576441962,38.0860721672029,12437
0.510144269214398,35.2438101789741,9625
0.536434226955575,37.2601773938526,10181
0.590117416555061,40.2452276062088,7393
0.416432009105866,32.652734281867,57757
0.451483938154187,32.005422152968,39320
0.449084113077436,32.7106448701043,78452
0.452372298963024,30.8323906269029,59787
0.419885462810179,30.4663893732859,36163
0.443293572571167,33.3814125512944,45325
0.421693467296796,33.6499290052717,64041
0.428074767567095,30.9694625415289,76548
0.401560543921335,32.5558746130043,39627
0.431061619698452,33.2578203383566,51731
0.414799993395687,31.9665702007684,82929
0.437112455223012,32.7074422619098,39700
0.442083305063632,28.8827684362421,147268
0.399353439828542,31.5714791217599,115141
0.418547329786764,32.1499758090421,43084
0.412211416166631,33.5211694922645,58507
0.397600057821962,33.4455337703933,133590
0.388475482041392,31.9861639886963,47674
0.38611145191246,31.8607436986623,81100
0.416840156856317,33.0910065299113,61922
0.430423465281415,32.6926511864302,53755
0.405469269393279,33.7832193447582,100209
0.428277649148311,31.1690544403615,63582
0.426768145508197,32.4269354993883,77072
0.420308287832911,31.5541359895604,106323
0.425289272645488,32.4200131664055,61101
0.425955856868819,32.7679534482259,52668
0.415227941814062,32.3502480813205,98342
0.415388160406007,31.2548815719769,76768
0.422533709930755,33.1552358283449,52566
0.45124690602216,31.84388609578,57965
0.428000598668591,32.403007871793,62088
0.412059047747592,31.8076345433266,81504
0.43309174928693,32.0671426162009,115732
0.450128903802233,32.0709766994337,47096
0.424769616389099,32.1016949144215,89529
0.435148700265264,30.2836963369531,165648
0.456648550739222,43.0499051237154,67726
0.456933758948267,36.6431676180535,15276
0.472489667528496,37.2423094421973,14839
0.480042431970562,37.8109026445812,38480
0.475970245808023,38.1925531928723,27651
0.516408985891665,37.4158533886948,29096
0.465875043265895,37.292368840903,56859
0.497525980135834,39.5823200813638,19268
0.470761736475746,35.7267821857228,66494
0.498417699346061,37.511076835924,16704
0.475840781358639,39.1783930984839,17313
0.444822933578521,36.1390564995173,12146
0.465925120584097,40.1911366185294,165610
0.467728732176799,37.2735405612373,14834
0.505460128044296,35.9815205244686,13202
0.452439989092665,39.3969504888213,99905
0.472529013616501,33.5325261890584,23637
0.509190676905637,34.4949126973885,12907
0.562659494185132,32.8377023034921,9133
0.475799826398446,32.7453796707814,19127
0.520278774133865,34.0573552829355,11165
0.461116575931362,33.252090976766,17251
0.449101294959497,39.4586899306501,162401
0.443140659238843,31.9243557794692,23638
0.407967676494404,31.0228423260958,31330
0.449411374964709,34.772497131172,44918
0.44043960704817,31.0096941842605,22036
0.423257052684364,30.9035499001648,20943
0.496619601577186,39.8677327011835,78821
0.581873943162418,40.6337094932933,6010
0.558968704880995,37.4246383146637,25749
0.593559187536279,37.2555671525104,8776
0.583746284695098,37.6663673086057,25563
0.632308634713499,40.2539099899457,2991
0.662805440122973,35.8175282953181,3139
0.572773832058148,39.1421327590473,3482
0.679749337795318,39.655245051365,3456
0.560101953090551,39.101042790477,4071
0.57164215489831,37.9667642757423,3724
0.59636879282903,40.3766271324342,6689
0.603549083786781,38.579631026538,4892
0.635962726575181,36.6353393430925,3349
0.68986239000316,37.090203861565,4492
0.572656370953049,37.7923613208063,2723
0.546126682086317,38.8834378446551,3270
0.670052133392873,37.6810477659168,3431
0.684503366277903,39.9564350785877,1854
0.657851353655212,40.3740887330983,3216
0.647290688247111,39.4936397223882,2947
0.641503726819687,38.545079447922,4703
0.649486511145493,40.8927318801734,2899
0.454799342385415,34.3723205436935,282116
0.476801408398384,33.8552110494678,94511
0.455650067223458,34.4526005443763,192237
0.447099822969443,33.0361610005284,289232
0.451184566344845,33.0499341736186,151421
0.433931316635755,33.0667186136612,304374
0.446579801477378,34.0221146416614,349626
0.460928813000741,29.2123606583181,83829
0.451620028520985,33.8970076547768,195996
0.439635941750946,34.9052119540973,172669
0.459648580669148,34.9875048813315,83413
0.425694089196281,33.5934228479324,199620
0.453140317661394,34.2839158025279,119880
0.422142955658007,32.5439222448302,139752
0.450286032453028,33.4466072649157,45610
0.435614040208291,34.8542075490696,49384
0.404845200669934,32.866712911208,60439
0.417377684736531,32.1388917884306,84689
0.418943365807006,34.1348586511374,58586
0.45237147427446,34.2263652108962,50929
0.405404913817499,33.7362149545783,27955
0.460204560626517,34.9717079989024,64871
0.420316765887756,35.3278723848082,17566
0.504289829593989,34.7414959138215,30740
0.464812982233248,35.5362982344231,49798
0.47073801315043,32.328070173745,13923
0.517886278918829,35.8584650580813,23096
0.474841704201869,34.8056550655118,22174
0.548262693002495,35.7292607558807,12231
0.515695771158221,36.9984123619465,25837
0.509183169765363,35.9767491913542,19462
0.515542187482771,36.9691818526795,36969
0.62356631854775,33.9562565977671,5526
0.552267427537917,35.0514166936823,4616
0.658805448193367,40.0636631993249,5359
0.592095502875966,35.8716904275178,6199
0.63801234057953,36.442435425738,5066
0.725813651101523,35.8503725192839,4372
0.651822609871042,40.0795847775765,4693
0.689772940236748,41.6971205890734,3561
0.653764876351006,38.6704375927176,3756
0.677415089852212,38.3816290278039,2307
0.496734403105319,38.7296664169518,4083
0.782662256205326,37.2820512821214,5512
0.562288605844461,37.896627188329,4030
0.648512167504674,36.8822267098738,5925
0.576943204668194,38.913800136896,2882
0.578943137159201,41.2036368169548,4109
0.641169329081313,38.4642897179011,3815
0.577604065511448,38.2750782792937,4464
0.648759458394991,34.6928104575248,2964
0.685242289002964,41.4785613852589,2832
0.558423280525471,37.7649344326979,3418
0.682727660034366,42.1463066363404,3594
0.683078374137395,41.299145300557,2498
0.447739446421218,33.8026139756571,155427
0.442261826799547,32.0486349181473,96807
0.460505000009109,34.1625696179614,110501
0.447470940541303,31.5654776961624,145471
0.446756065302605,32.1254454735923,129182
0.467264054504784,34.7023519852668,73125
0.439244247846732,32.9327226311804,48610
0.426313614791703,29.8545471481811,220456
0.456132289000134,31.3118933470705,106093
0.438397152585273,28.7065251643722,44938
0.435028080026208,30.6543702670888,46653
0.451415911218019,29.3329825965204,138012
0.451908150653837,30.6350260403555,43377
0.488817234798335,29.9745142569661,80111
0.459902848912984,31.9565370726439,115433
0.466038187695805,33.0136526386,35379
0.440415067844356,31.3460130539917,22030
0.450741668064203,30.3353485498359,79829
0.473654960614124,30.6330102869452,60635
0.457119501528796,31.0894273104626,46069
0.465852787167028,30.5045587174635,91015
0.48984085644846,32.6405894186859,30094
0.500607284187752,32.571753442778,61160
0.483873135247701,29.7521518005565,53261
0.519338784714515,30.954569190729,53128
0.493513782028763,32.2640406591766,36580
0.509572152880474,37.4624918454615,23236
0.483728526347805,30.2350392444634,79442
0.506014295087391,33.5593403606894,25273
0.530098266119422,31.9740030059563,36093
0.454260778369049,42.2162425436381,130762
0.481660590734625,42.1401329394933,167758
0.454504335624038,39.183731044474,187854
0.465633976670202,39.603775944166,180625
0.465447800861228,40.2788665869965,108041
0.447803811703327,36.4514462791873,88874
0.468961468815344,37.7318720048136,382366
0.453353867166602,35.6881572927835,155188
0.464932396522274,33.8915871641978,58281
0.445196734642042,34.249913104273,125898
0.43789755327454,33.9875782597615,71388
0.450100186012113,33.0634453772647,56775
0.440872720561674,32.5402497943158,96103
0.47507412903264,32.6686470873154,76172
0.442140128780141,35.1887064565298,126845
0.431584492895062,34.3585169959087,110816
0.460386247091114,33.2141921975378,52766
0.411266570411489,34.4698194729206,88160
0.413554568901938,35.2214277998592,264880
0.394386502594836,32.7523681869732,257560
0.434127854177656,35.1561325971061,278387
0.416919004799243,32.5718160012934,132093
0.428863749921823,31.9798071109283,151664
0.440062496410885,33.7424242426479,238148
0.428857142826563,34.1041600177019,121144
0.425362965392553,33.0724451472238,94315
0.423590888065817,32.9528060094291,146871
0.428011543208376,32.9019970410022,149889
0.471325633776671,38.8077955272409,59108
0.444867862691274,34.2804658021781,117296
0.45988103001777,34.6824734477086,48371
0.518989613444457,35.6705011496159,33631
0.521164368599005,36.3755537104416,15901
0.627893912525942,36.7315256600035,6830
0.500305471442604,34.3115834815485,24877
0.560207444576223,32.8960512663029,19734
0.557238154320842,32.9403285622512,18397
0.572248372522855,34.8903971391204,13892
0.554595882901936,37.8541450487144,10747
0.55553533223922,34.4198098749749,8122
0.469227662663587,32.3326244133532,9958
0.618687290048367,37.2518442875224,10385
0.539966157923532,33.5829895648969,16139
0.508790448863874,36.532690657296,12819
0.493084986692115,35.1672952906327,49107
0.536469912550832,33.7364663873432,16050
0.566783951291612,34.4432787537013,17257
0.539424244387681,35.7645491368365,21799
0.4626321621608,33.99040415669,53021
0.499910842913784,34.1680800758557,10052
0.535344897216991,34.1045482882156,6889
0.501456914131804,34.6942470780667,17165
0.552910229524393,34.4903924517736,19287
0.487500409007904,34.0284966246058,47842
0.531262921388099,35.2872113140696,20527
0.550302702701133,35.8777531577805,13874
0.517301955404839,35.2887892376502,23002
0.474183652306804,35.0211004695228,20082
0.529203257051538,32.2573433862126,25610
0.491894702852473,35.0141547356185,28463
0.508336219564923,34.7954440502401,22107
0.480698372796127,32.6149014751971,12145
0.489660008450797,33.9056433406628,22380
0.476487555573087,36.0984770417314,24884
0.462202484668565,34.0944327853376,33603
0.452729735591344,39.5001318555367,63774
0.481093405831189,35.8666163581596,46698
0.47342485839541,40.0640500309769,89992
0.462144561856712,34.9594704877496,32928
0.469611468959314,34.8034889694957,38475
0.490445304885629,34.4322594873996,44955
0.499783473984216,37.2844478698622,86659
0.464868439226338,36.4861678531423,38059
0.418674935345555,35.4240797040597,249630
0.454284800539751,34.5026637737549,57133
0.455161367188478,38.7288655709503,14457
0.462447350092746,37.2227074241358,36746
0.494729264231869,37.5268539565493,20578
0.443111715267218,36.8527612967942,48533
0.452609712631908,37.3697449198477,58500
0.472334297600805,35.5260673451421,32320
0.483740759288776,35.8480869149202,46683
0.466143427026393,43.5736087552505,69796
0.444130006883499,37.3661458850542,19439
0.460256679403521,39.349582464262,13403
0.440011559720538,39.3033893043289,18301
0.451372627827607,37.3785032649905,10062
0.427945931501712,38.1511680646496,16629
0.443968861232892,39.5870849893134,19330
0.49437263805164,40.1658393791307,13439
0.438107060781015,34.2856013725109,33592
0.426045032948913,36.9881085078125,28274
0.439707063455051,40.3364331784911,13179
0.419922691986324,34.4085775732939,46573
0.700630817976813,38.1879651824158,8901
0.557594817810731,34.5756795053665,29090
0.428164232823462,44.7544049463478,4418
0.535293367268694,36.8569949698491,11063
0.525658700284708,38.2460553404745,14808
0.425453769103648,32.0823365226186,76911
0.412395706522177,33.0710280338779,50529
0.426837090326481,37.5875629852194,87170
0.550230379505671,37.3658123519002,39895
0.411301665081545,33.1581885084612,74552
0.513324270991578,33.4213126977401,17688
0.489680706248279,32.9229905251899,23913
0.470413997292033,34.2744682965165,83393
0.455236617392534,34.1062217511792,100391
0.675711912209399,43.0283343215827,3634
0.496308649151486,30.8833228932728,69534
0.525623904181169,31.8517329059615,57054
0.423195280697648,39.1302494598337,150634
0.41497687395649,30.8003512236297,40673
0.417997099841341,29.7207035868956,35490
0.432938613342016,36.6852901671856,65489
0.458915257467966,37.5855337867817,57085
0.446950658584571,37.5270899490275,35732
0.451050668910971,29.6006320361604,69677
0.507640635611127,33.6439035907455,32163
0.50442740689441,33.7736499943147,27202
0.447447850701258,35.7185539583572,131662
0.419312907134197,29.5729993025435,36948
0.465854506202668,33.5680036867561,11988
0.462504320659899,32.0326934188128,33779
0.499287777017422,36.0047926271456,11842
0.499982165589827,37.2474444824991,11344
0.426852948470099,32.6694320351276,54673
0.399721110745475,28.6680012563597,37318
0.436447982112981,33.8780770826705,19911
0.471990106881682,34.4567890620354,10403
0.450250358456929,34.2707374204418,57940
0.461938585578565,33.267733284452,28873
0.4658665107857,33.96068818725,14379
0.468589039150557,32.8921450668185,14833
0.410614805336139,28.6664275949329,54342
0.525296907377522,33.9583686547895,14141
0.460956766282867,34.2789478359371,10900
0.524571852928662,34.6732690616941,13740
0.47797343479457,39.5440451866867,197630
0.421425049088542,34.1696857095949,136628
0.409101180823072,36.3445106233157,260109
0.440953540400352,32.6277264996836,113750
0.444180916434398,36.312500000176,584366
0.500475475121455,37.8752890946024,161887
0.443508676093195,37.2438251683796,269131
0.476835228304069,37.0105202985506,96239
0.420959907811669,39.3152550614878,387502
0.427089573582577,39.5874104457339,160125
0.350420841298826,33.9475685013345,462335
0.442018847790662,36.669602565719,77065
0.378550011264536,34.9654452449238,363683
0.48922263432446,41.030373830672,138409
0.422711363135515,37.4574191526365,169259
0.458880457430914,40.0615796497286,232795
0.426092160564818,40.1405311112315,169577
0.476881112331621,39.5443666597786,111874
0.45196561260165,37.2849133546415,424347
0.391653564078048,35.5541081069054,176665
0.425290779286073,38.1711894244874,336261
0.419680079501891,35.0481467316845,60928
0.465735687444843,36.0269576390232,62575
0.445613490314905,37.5666844794114,51496
0.429342923419512,35.4789434521816,159503
0.452499793122218,35.2162110848064,128511
0.446957554741039,36.6300043997089,33730
0.423844563285346,33.9042994263725,176135
0.44534066199259,35.4469923341815,106897
0.426161121987494,40.88948425893,44585
0.475549306367586,34.9872672105504,66030
0.455559846720416,35.5268364157318,79061
0.407657148439419,37.5641971658102,113526
0.44184131336806,36.6457982923821,108785
0.493658458911961,35.9679686977618,77145
0.430816245594918,36.8162426608989,62045
0.40240220775193,33.0626070088278,386620
0.402688138690045,35.4886003993418,118268
0.409093603669218,35.8260177525008,202607
0.437936917154445,36.1719010557782,85101
0.375072310122509,35.6582896629859,151630
0.44333970789931,33.7835544385801,54561
0.662491667585664,42.0107393914944,10856
0.902876344746387,41.2429316215821,3134
0.598287305344096,39.3455700020629,9589
0.573590765251235,37.3301907121733,14414
0.682056430604522,41.4293285023606,8322
0.515542884372011,41.9685926489439,12143
0.673818482750009,37.4529079066894,42768
0.571611208163031,40.5873864233506,19094
0.631958448083303,37.7936603588701,14981
0.607506569070249,36.6158675801415,12074
0.544538310384841,35.2864027272005,74068
0.400504994524011,44.5922754950609,4267
0.658147611577096,43.2477988260019,8664
0.624368245703794,41.4372728957511,9366
0.668405444259579,40.8914005198,14425
0.47961613122849,36.5292051765841,15687
0.602498252876941,41.8268725757903,10602
0.550374618515901,36.13343731447,48089
0.696202717413561,42.8483505319845,7134
0.496974184316712,38.9904415993609,20234
0.55714119640272,41.4395412140562,7819
0.575549609854031,42.5626395262134,10174
0.500606718896709,37.3260839360172,38824
0.548065214464374,34.8145899261721,17948
0.486603164964521,37.2502051482768,12042
0.53628721598169,34.4883947300779,27084
0.467624663931301,36.0306036145006,88047
0.47914023522971,36.6203432102933,56288
0.487398611895512,36.6553302287114,19854
0.528650729294324,39.5795980208949,52231
0.487735348428197,35.6014285721971,16749
0.504379975228971,39.8376380681862,49813
0.469454682370024,36.7731616142937,38321
0.498381643205393,35.4927594797366,18345
0.46328016304373,36.5942997099199,43241
0.432888167591262,32.6671025746326,54238
0.515763466773438,33.8886299443729,15344
0.49471653532264,32.472018862089,21892
0.485277504582537,36.258295653088,35732
0.513339328801225,35.3822129675149,52630
0.532069842457577,35.3098731661098,37748
0.530067101007112,38.1356409189109,57785
0.487757244210817,36.7286877056255,15810
0.498060523126908,38.0018846858488,143620
0.476522680114469,38.295606250245,136202
0.456958723427338,33.5288660290304,207900
0.523738564871988,35.7632117982446,37058
0.557640158534394,34.8027949447174,33241
0.48651058209715,36.4784388624352,33123
0.493865493989171,37.2487446643152,95002
0.517728966116805,36.4579472821368,41716
0.496282382607718,37.0744293263968,17168
0.538698313255406,37.2232892257936,67196
0.444925979368789,36.7035685325352,43455
0.468173029408365,35.1899280589307,37760
0.506635256517706,33.9994872771736,23215
0.512526400058456,36.8807683982603,14410
0.5019286923144,36.4199194151989,39422
0.513978059007072,35.9911001080266,61150
0.449707925268819,35.7087066072844,10077
0.484859016491797,33.6240199123578,8734
0.481775398826611,37.2689766549949,40207
0.529731511968538,36.9123289762646,92365
0.44902806315912,36.3787295163185,118900
0.44898513635486,40.9163929931691,147057
0.45077793772886,37.3934191688212,260202
0.484938283665012,41.0265170466193,161888
0.412386569969733,32.232137349084,169213
0.422740245107614,33.7275114891261,376013
0.438626119197489,32.2931351258471,340674
0.472294615895772,41.0224320236209,124720
0.419497376345981,34.1510874602805,154359
0.469465452516447,41.5873663874829,221408
0.421386976872115,35.4102666157747,232601
0.424148197577593,32.6453254894519,203423
0.429642815645002,37.6247942252203,59471
0.400592389928629,33.2802421918846,434759
0.440813560282117,33.7466945922117,315546
0.495633340098637,37.6955227741149,65898
0.433369132902673,39.4580412169237,120989
0.456927140012322,39.0277263117794,436023
0.448364656497268,34.3300482841961,253240
0.424715697924964,32.8299425375384,203821
0.491191170538013,39.4751069905906,54991
0.424473140954071,33.6997933278447,46190
0.479145991418766,39.1823708224415,35803
0.423864000529567,34.7694687650234,57331
0.506532402483061,39.5605590070164,20895
0.489966784437154,40.6503946663078,52339
0.479577528327086,37.8900046708158,20738
0.463719786849938,36.8799756110592,59385
0.427885813525106,32.8667977024342,192413
0.448661103230274,32.5466693961656,201339
0.43654591567549,36.5395824575095,83241
0.465535609855624,36.8583682032566,56678
0.50613550118789,33.705018436299,59365
0.410484871549378,34.4817679544127,120683
0.452099504166676,37.8572040541832,123637
0.450725620997562,30.9067599077108,101639
0.417433964528313,31.190417896363,272888
0.455818262980169,31.7887631073379,231414
0.44451558877885,35.5775537047076,223187
0.459964493903416,34.8399971844263,132915
0.452762251739904,37.5022891863831,270658
0.465426625013761,34.4601714401181,60488
0.476065351340391,36.3249907989603,46634
0.452883747263135,35.4123405792842,134461
0.453977391523036,36.7533962091313,142813
0.503921164547945,34.8733757252465,73143
0.470504492562725,34.8765784476025,126281
0.480696350868822,39.1314453629802,42812
0.543637544134901,36.2511758325371,21324
0.472686426771912,38.3098133093681,89921
0.523638572976684,34.9026162791214,60294
0.464934270720788,35.3183523723522,97755
0.550256085906038,34.0381950759234,41303
0.432567991002283,34.1274134173969,126197
0.450571314175637,36.9274179849847,183207
0.456781976630635,35.5146230561241,160771
0.433448412301483,34.4306506838396,154387
0.475373898222029,37.796453169635,73721
0.441657392950318,36.9900239415722,214319
0.49840326386968,34.4936037861722,42233
0.479952000269317,38.2504387968277,73048
0.475817802980022,35.7847955912724,105227
0.474733310321855,39.189286706267,93174
0.492582826427955,34.3054095401151,47485
0.400480323687837,32.9692091447528,133643
0.437178507005589,34.553712731958,94141
0.388648920657009,31.2060963722964,115801
0.458063529560059,36.4319892909361,134974
0.430690105052025,34.4763591859656,315781
0.429309222831498,32.3251638497566,192414
0.425385685620475,35.3589061354612,74507
0.438561288980978,33.96063969497,96567
0.446154134553179,34.6448687040885,77806
0.442624615067342,38.0499693698232,133555
0.479926467534532,40.4365175328907,65620
0.410776973655158,35.8206696738868,53741
0.400182031504292,34.9270307494791,283348
0.451670624921825,35.5323757947265,93961
0.413021135397329,39.9216121566092,94850
0.422810898688289,42.7080831397589,105158
0.445040036858373,40.7029035102375,109230
0.413819125405299,36.9279107962711,184333
0.422604478374376,37.7331131014822,40275
0.423845546968862,39.4965998581102,137292
0.406607602921844,35.3297397206176,249559
0.425894432887582,42.0663402434466,226202
0.442696676043018,40.0870308795021,132553
0.417750622020174,36.5102599185974,64094
0.430810419824933,38.354749104629,114738
0.432504595657254,34.5289644377216,110723
0.437857011150265,36.6695319136494,56685
0.423290657340032,42.4659053012479,46776
0.406625618583546,35.1380057204661,137423
0.427910904520141,37.9396688789627,124112
0.580638778123704,35.9993451594303,14008
0.698357793603482,43.763402987238,8577
0.551611958254247,40.485952864481,13430
0.579023814931789,43.2900372063051,8325
0.575548863018415,35.2887649689221,11227
0.633335644582035,42.8631747288765,11488
0.603909202472188,39.6647071621816,14439
0.542669925768467,38.6136919312581,14608
0.565827660576467,37.1830530397621,10539
0.609648646410491,41.175070863899,11452
0.548220342003336,39.9564179086507,13879
0.630114268417467,43.640042599043,9155
0.535145977814393,39.7540794355042,14836
0.59846026322967,37.2224062118603,12877
0.665256068970345,42.9026723129016,9723
0.530170092457468,38.5235961346324,13914
0.630390152784049,40.0025740016545,13199
0.724433612966953,44.3901800847022,7033
0.540995443415898,33.7099263180898,8442
0.53822434555794,32.7212869868377,8626
0.500914584401297,33.0047025931031,9249
0.506988929959772,40.0618738962497,96755
0.552303646079789,36.4033619836183,8345
0.491831363608354,42.2654936168483,216035
0.544185361709553,40.5752695317663,9157
0.459772098941729,34.5188284502979,5675
0.556029154872009,36.0496549646955,10444
0.538073655207578,42.6150556053702,17084
0.523178567876171,39.276536549076,77745
0.424573105942161,43.2571481779724,115238
0.453869790712815,40.2509407145714,312670
0.571632079524009,33.3326020189958,5119
0.55530631148665,36.5814260216138,51893
0.605533397875714,33.7551084768485,5295
0.541506290414478,39.5653719216874,10183
0.592584454039059,32.8519149895602,8351
0.581485194428025,34.2279509089743,8773
0.504231545958926,40.5527170561882,70658
0.54141659197437,32.5755008719087,9546
0.557460448895313,34.1323338637084,6358
0.583874699535292,35.8185135536498,5633
0.528356566698383,35.5004971815976,34983
0.511410355462449,38.3452737183058,24720
0.513426806109211,38.3029644462914,13350
0.510113499299815,34.4373283845907,5015
0.587650145648077,37.31348482551,4884
0.60599933848419,32.2600445049728,5899
0.601780423841984,34.9242208516524,4140
0.554151494462039,36.5544456383365,3822
0.487061122494654,35.9576956286021,5378
0.538861830599087,35.5109808489465,7312
0.56178749175835,34.8534821561405,6028
0.523770317437896,33.8162948491203,8682
0.526747198528539,33.2506747216572,6494
0.530319128310791,38.0231349115683,6662
0.527440520623319,35.8772616154258,5655
0.553286629112983,35.7746913583528,9226
0.558186393348312,36.9334126914813,13651
0.548313613814407,36.0144958727808,15153
0.517560845209793,38.6352014896825,19887
0.479613241458058,35.2963857252434,41133
0.517739692894445,32.569195645161,61991
0.46555007225164,34.0600104807246,77602
0.516295499293885,35.65081304182,83063
0.528724126143906,34.813229882742,36178
0.475764625088275,33.185959534114,76208
0.485494551223069,35.5077220082857,67679
0.521180291677671,33.1264702526339,83656
0.452561363120334,34.9759491634797,70878
0.510993700601496,32.9404651724757,74041
0.493967558575104,35.9826589588922,31408
0.510043463549784,33.7176695197469,54748
0.514978808483748,35.7125200255985,20438
0.458833319956581,35.7612368241452,97687
0.481702569970161,35.621188789585,110195
0.456495450344196,34.9014666089065,134260
0.675538998074021,39.4447556819753,3814
0.618030663693551,38.3881334973867,3512
0.694560060198791,37.885232146914,4621
0.531554464436376,33.426757277894,4076
0.663990265025413,38.724795639079,2264
0.8188286567382,38.4137043740846,3309
0.670763269908579,36.8324085311323,3984
0.615467951251159,38.0093210365483,4642
0.63011863726036,34.3293898933759,2887
0.668089787355794,34.1977866036625,3378
0.546236634839344,40.3794235319212,5963
0.567684652673114,41.4167302061061,5315
0.595277281898324,32.551415683004,3103
0.671922233100843,37.5393852489166,3591
0.608882322967019,37.4822226534787,3092
0.64376075519569,38.297411623099,2735
0.459361224718762,34.6863436855469,119363
0.429671739820098,33.6028419609821,155730
0.458853773447148,33.966297286901,111975
0.45411030753755,34.3364691336043,34851
0.39816547501669,33.1951918571297,185123
0.410072186492254,33.659029555019,152796
0.464701180341483,33.9701355553382,80106
0.439128775312957,34.4359500273839,83671
0.448890046638375,34.2850780905501,125195
0.40011023876816,32.9231166155275,73747
0.435981411119014,35.1560279174251,202826
0.430413704946294,36.0195525342182,423184
0.460960594348685,33.9866368378019,200764
0.430845293364167,34.6971198283796,77587
0.444805413550067,34.7546063646946,108097
0.453963558798106,36.3191803683775,92566
0.461469873994949,34.5977436646132,177886
0.420473965451114,33.8991113849548,101762
0.456600500463121,34.7984731729413,88504
0.41393074136098,33.1813074882011,159961
0.417718170923469,34.5829748427539,145362
0.439113408362699,34.8339807028693,107152
0.449470672920824,36.3857754222587,203332
0.463122207931314,33.0457857511506,166563
0.416483413720799,36.8157279201991,178910
0.429359287945419,35.416789302551,96263
0.43250434725896,35.6784346273174,61866
0.427584203939209,31.4063899812208,434451
0.491421390117229,35.0018775830191,56042
0.458221355228931,37.0465239926658,80309
0.43488781068543,35.6506937381354,155564
0.458535459958544,36.4337184757827,54437
0.445169404392363,33.8792500631214,242094
0.421348978710833,32.5325450872047,139008
0.453460552426425,35.4978331202838,75267
0.428312912198334,34.7279535198877,254683
0.518615538002729,36.2351405849051,67789
0.433656770358583,33.8384803498044,59297
0.414595211450689,35.0421984222388,118194
0.548264178643223,34.7177344475209,49268
0.571023183676239,40.150693702794,20222
0.505755889984432,35.507332721725,39893
0.500173027089895,34.9849611757107,15389
0.519057163324788,35.1335155571447,41621
0.48962027624821,34.3223812352375,16178
0.501691940083172,36.4680471628198,21656
0.548063708268212,38.8069116831399,22314
0.508314958252564,33.6534328902877,16695
0.467685096047656,35.75088569657,48920
0.579990877848227,39.9354203148873,9906
0.531889357365367,38.8922760050237,30751
0.422180037925617,35.6038590435737,28991
0.496143590544826,36.8415939738323,14161
0.602493831707692,38.1980526000462,14280
0.587119668840978,36.4047531303906,10645
0.546120160579454,35.1554027524165,53996
0.565737904606309,42.766976062119,27605
0.588850274804383,38.0671436993893,14859
0.567255747057886,34.0801299389442,25390
0.421345531779678,32.0311003284301,136192
0.403898110735124,32.2849834311482,200243
0.423529131016241,33.115131979216,105396
0.436040163974122,31.8273207228349,157735
0.430609287719447,32.3267571766462,127312
0.397517381242233,32.1772827470658,84534
0.426087640506338,32.9136469304738,77901
0.429156655232927,31.5918208019769,154178
0.430343495744457,33.5959669146459,113638
0.411765791497247,32.2122251589912,99365
0.400386396832468,31.7430856583638,185001
0.407016435145756,32.5378584981041,184710
0.454613162486654,30.8854027597074,97012
0.439355243256479,32.2423389601094,133011
0.41771231312936,32.9988748570127,148704
0.422245857224323,32.1353813075487,185360
0.435148700265252,30.2836963369531,165648
0.441028898825124,30.1780191919055,186968
0.411150116660997,31.5890821440649,81437
0.420777688871311,33.2181052385222,97269
0.49661960157716,39.8677327011835,78821
0.592334340083272,38.3456436664224,27622
0.715232964387955,38.1016603278434,3273
0.537181685514353,39.7018447416743,6049
0.649486511145492,40.8927318801734,2899
0.657851353655211,40.3740887330983,3216
0.641503726819687,38.545079447922,4703
0.603549083786778,38.579631026538,4892
0.573981183485408,39.2718353867095,7572
0.558968704880996,37.4246383146637,25749
0.601017157007951,38.0667908458045,9997
0.601428757646155,36.2507511375406,6117
0.59816645037372,39.7365232103528,5541
0.603673808692005,37.377841725952,4290
0.631636653698405,39.990928645729,4959
0.653471142669832,38.6097065894713,5238
0.68986239000316,37.090203861565,4492
0.580207507515296,39.4974160204582,4817
0.49673440310532,38.7296664169518,4083
0.649959990554611,38.3380875499758,4170
0.642587417862681,40.1129894942904,4556
0.586548926425132,38.6993482850278,4168
0.680766856554892,39.44438029324,4476
0.656912950636571,42.4170878250539,4856
0.706027529403979,41.4570015569677,3648
0.599243243582134,35.109343617446,6297
0.642938920915374,39.4874664672778,7115
0.710961861446758,36.5451919812725,6518
0.667017121680942,39.2693577995587,7606
0.549813614702326,39.2478846149836,4332
0.626094306663478,38.1555857071633,7546
0.590989755107225,37.6106252956662,6479
0.645123710959288,37.7304332775742,3689
0.673131545630892,40.2192811360555,4111
0.596834370844099,34.2087042520425,9581
0.699270032410731,37.0338100437113,5984
0.425279260368665,32.8319559220435,223887
0.422145741247747,33.0262538879042,156124
0.452835462383482,33.5557360414146,174257
0.47765508823632,43.3293430103638,176312
0.46094285080166,40.4122254220481,208114
0.412493407337206,34.6211241057548,379674
0.433574546810562,33.1295442573149,210052
0.459531669065654,36.1271111128049,383759
0.460437629280863,39.4907104764855,307940
0.466451374457842,33.4778099525746,74240
0.45954554040207,32.8231920546902,90822
0.451690324065373,33.7420752250904,143674
0.46514043240409,38.9988415392048,188885
0.404832428067517,33.6896291175745,260057
0.411197431593959,32.4127703668916,228753
0.440776397430344,34.6843885585896,381436
0.417733012177296,33.4570716322656,114307
0.452824192911216,37.450400840468,133466
0.45213038229776,33.9098205182008,88114
0.437578911798411,34.197973165987,175750
0.46963526081483,34.276029364044,111987
0.503100060787629,34.228792134059,46908
0.525847831169007,33.0811670442541,50081
0.583718658199356,36.5430429142653,18998
0.539184757196683,34.4485410091213,16482
0.468314078482784,35.1340738980314,58487
0.499087940636338,34.0347664033822,37598
0.481201484065943,33.7643148339241,77020
0.51701306842831,35.576990910078,36651
0.54095856830756,33.1757812502536,39246
0.45206888631917,35.0179627098926,174195
0.513798208688239,33.5929720076611,18493
0.515452031936679,36.4537632006766,47339
0.538362891719288,34.7345583484468,25707
0.558699163898191,34.3534325071881,40221
0.605755997777916,36.1408261291034,13565
0.490011580938453,33.9168093931466,47497
0.530512957612939,35.1596225687701,24759
0.525726771287456,35.3498969802254,27255
0.510661653659826,37.2817419361374,18864
0.475647732291765,37.6703491975124,72424
0.449134225109844,36.5479256084594,38624
0.464811809651325,36.9895053640142,64747
0.433311403680254,36.9625728780045,21610
0.417825282146956,35.5969701742126,203390
0.473762310933821,34.9565251026967,38712
0.4565973474948,36.8322859690908,71733
0.444130006883503,37.3661458850542,19439
0.487116490618878,35.8502187351066,59437
0.462050918362679,36.8724095529514,117667
0.496399990738647,35.0962576635264,63280
0.476056658564857,37.1773162943089,17029
0.463367685284526,34.6333678916536,39392
0.46334567952314,39.5653723628629,116155
0.462633268757452,41.1119992660061,75002
0.453631218527986,40.695531346813,15501
0.446326778769395,39.0738737125834,19902
0.4418060091141,38.3572278413018,11542
0.448919554978788,34.5198273343744,82902
0.469597169979626,39.5882303190877,24643
0.547178531320886,48.29398148,8910
0.408029639013137,47.39878893,673
0.470602369332939,38.62593516,3893
0.528327122476529,48.36074074,10312
0.568355881742743,41.64137214,4081
0.421766460239454,35.61195361,4193
0.441159946156534,31.3449248115634,134965
0.493577127879556,31.0034253193188,75214
0.44844601674319,32.7177642500913,256901
0.455302305473555,33.5742816093786,154498
0.433665880741478,30.4182638110699,194741
0.438521151203399,29.0495885186819,165130
0.509948094351852,31.3076517132565,126367
0.523476935899025,32.6106392775482,48919
0.454023813134217,30.7337794574001,132420
0.493963852614761,33.0129972452816,52563
0.498064943497532,30.0289392229991,128822
0.464408117200163,29.5797119442091,41556
0.471588612461678,29.8318756080987,68123
0.508518036995475,35.4497236650103,48206
0.444176660318407,31.7959886310466,256809
0.506659470297126,31.589750227303,56386
0.457360624049197,31.4479402948826,129425
0.454272199960867,32.2334702077851,51571
0.460402510021702,32.7322642022268,173116
0.468179951332306,30.59048156616,118276
0.480737525927322,33.525528455432,22697
0.430938541677869,29.8155603536449,33443
0.491656407888831,34.4772774274085,51196
0.448224367452632,33.5034973599411,35956
0.468518162000633,34.7049492400761,64913
0.434481675426006,34.5324182225927,145912
0.435576939671307,33.9753761003662,79599
0.434429076610425,33.295626775,248439
0.441790580314873,33.5951066067207,111336
0.413813676941064,32.462425943416,262295
0.467363718014126,32.0206906387286,51554
0.488563860411072,32.6623086319137,68680
0.399765163989327,33.3648959019641,146627
0.436658489123613,33.0419213969227,111941
0.428794603017508,34.957955541118,95346
0.426105964172076,33.6787161102067,38988
0.402033657637912,29.0233424761508,54816
0.37782552101089,30.2750244151599,15660
0.487618591868298,35.0351152231298,41960
0.436194015120169,34.0649178969893,178099
0.429676586035243,32.2875210801162,29587
0.470074844376574,38.5266958221377,115271
0.461400405634132,40.1543542078702,18891
0.454790614179077,38.5624531723001,79936
0.439198371669018,41.2274934646818,47547
0.434393501678238,39.2118210529204,119729
0.506113217548119,36.1675421303294,21790
0.475589131386052,37.419123726426,38485
0.442297920478555,37.5114840167751,142335
0.450152255517752,37.9722609103586,52890
0.439741168138601,39.0316775563614,114778
0.478691295953416,39.9817656630258,47294
0.428854579270812,39.1349240161142,81778
0.453251302841205,38.8694023467291,54577
0.455604972039721,37.1957998757237,32902
0.466539746484558,37.2357383400194,58561
0.476814350961221,43.6923995960022,21463
0.470566129491071,38.4093102486404,43768
0.470457694120695,39.1164356826391,37934
0.475138749016899,34.2357064190468,80320
0.454652560364104,34.4561150182396,73710
0.46089800371707,33.2892458780839,17133
0.456752542335667,31.3008401199577,202784
0.508166194414942,35.9714005325627,18109
0.515356988717778,36.8365120187767,28598
0.519761526732245,36.6787292592387,41644
0.426313363920299,33.0272970984126,155085
0.524243247551705,35.8929130157001,29841
0.448008411382191,32.181153632916,238311
0.446646897133115,34.7674483930873,134474
0.452947996864774,34.8693013932208,368261
0.452569588060974,34.18766804057,122268
0.463081581373817,35.0074051914736,84497
0.425164085845203,33.8730788025797,202951
0.408121271079601,32.90175683459,106064
0.459957137171662,34.4667700049099,34186
0.438261673291995,33.2356248088396,492405
0.481004014932505,34.9889837527282,49253
0.453310498833095,34.1963569534241,89949
0.420050455450035,34.1650177463719,69889
0.443752943553175,33.6619053855117,365015
0.450142589058467,34.8679371993183,448579
0.659015903424475,39.2511407343563,7161
0.463605074455758,35.5314380081727,21526
0.588029983717802,42.6969659589492,9405
0.551113786241543,40.9157754003518,14456
0.569557514321943,40.7451547562245,11209
0.454816200745191,38.2460282578374,6919
0.564253958687564,40.8353173347457,11746
0.464452009855726,39.8726310608707,27128
0.476115185813967,35.0483407373208,8416
0.509276448005957,38.9941327909328,23501
0.656165229982165,42.7766167744338,7393
0.637815199690012,38.0252386189427,6162
0.608499799509161,43.0459345995127,6412
0.568547520911671,39.7766157844385,10508
0.500832106240451,33.1494733464493,11040
0.426190907624853,32.6037837198293,30125
0.532995871490465,40.8650354074991,17265
0.478638396297553,36.0563334407861,23186
0.469604945879649,38.2269766729203,34309
0.477569764696132,37.9843661865557,69155
0.474320584767977,33.5325261890584,24278
0.460262758024789,37.0524718128498,84306
0.455925124368086,37.5855337867817,55545
0.401366890149443,31.6444871694458,31275
0.43245158297255,36.6852901671856,61548
0.540263540768093,37.4158533886948,30826
0.47971961194559,38.314775865376,41907
0.494382231416701,32.9229905251899,24590
0.464408589654676,36.9263663070818,30115
0.482492483275909,30.246802680188,13674
0.43280855144742,30.9324709918483,37219
0.44856963284313,34.772497131172,44040
0.456845585343967,43.3243703212957,57540
0.500340158035389,34.4604304763409,23598
0.532974605836178,33.4010793574089,18786
0.47797132169146,37.368302537374,59253
0.446465847621244,33.1149785192194,42436
0.44751123686381,39.5770742133311,195802
0.463214841055473,39.8159702117443,216988
0.65579567736897,38.7603361924094,10291
0.563944839221391,35.9888709143721,12430
0.489715921494063,35.3721419966552,30605
0.43912482500439,32.4408061718796,16068
0.509993171292007,40.1962879633441,5848
0.492802398466999,36.5097466460519,63242
0.536832921815422,31.1992391459376,9167
0.643390389512555,39.8207326583778,4857
0.578443533867972,32.4922760046619,4439
0.477606804225366,36.1227738816505,4424
0.444844477959148,36.467372514848,48160
0.461619356226897,38.9416777343814,61704
0.674159105844305,42.3787911618945,3838
0.520625523197462,39.8609625677311,2623
0.574028251252351,40.223229914471,11357
0.635964478605461,37.8646449706,6640
0.675066218637864,42.597690445967,5321
0.509313863025769,34.1745454541981,13536
0.597586811189664,41.2515042105887,3870
0.656951064521102,41.5705900214472,3171
0.638147101400621,41.0952086538918,12514
0.557751275828191,39.2360839419411,7448
0.563924737650891,36.2119740030467,14593
0.510328054858219,34.5888395349289,40051
0.470599689050365,34.9236327910244,38603
0.594300218514783,35.0293740366977,11525
0.498040664461907,34.1477204306918,25095
0.539693716491025,34.3330677306608,76861
